-- create schema
CREATE SCHEMA migration;

-- create table accounts
CREATE TABLE migration.Accounts (
    AccountID INT PRIMARY KEY,
    CustomerID INT,
    AccountType NVARCHAR(50),
    Balance DECIMAL(18, 2),
    OpenDate DATE
);

INSERT INTO migration.Accounts (AccountID, CustomerID, AccountType, Balance, OpenDate)
VALUES
(1001, 1, 'Savings', 10000.00, '2023-01-20'),
(1002, 2, 'Checking', 5000.00, '2023-02-15'),
(1003, 3, 'Savings', 7500.00, '2023-03-10'),
(1004, 4, 'Checking', 2000.00, '2023-04-05'),
(1005, 5, 'Savings', 12000.00, '2023-05-12'),
(1006, 6, 'Savings', 8200.00, '2023-06-20'),
(1007, 7, 'Checking', 4500.00, '2023-07-14'),
(1008, 8, 'Savings', 9600.00, '2023-08-22'),
(1009, 9, 'Checking', 3300.00, '2023-09-18'),
(1010, 10, 'Savings', 10300.00, '2023-10-25'),
(1011, 11, 'Checking', 5000.00, '2023-11-05'),
(1012, 12, 'Savings', 7800.00, '2023-12-10'),
(1013, 13, 'Savings', 6800.00, '2024-01-14'),
(1014, 14, 'Checking', 4500.00, '2024-02-20'),
(1015, 15, 'Savings', 8700.00, '2024-03-11'),
(1016, 16, 'Savings', 5200.00, '2024-04-16'),
(1017, 17, 'Checking', 3200.00, '2024-05-21'),
(1018, 18, 'Savings', 9400.00, '2024-06-25'),
(1019, 19, 'Checking', 7100.00, '2024-07-30'),
(1020, 20, 'Savings', 6300.00, '2024-08-05'),
(1021, 21, 'Checking', 8500.00, '2024-09-01'),
(1022, 22, 'Savings', 9900.00, '2024-10-15'),
(1023, 23, 'Checking', 4700.00, '2024-11-10'),
(1024, 24, 'Savings', 10500.00, '2024-12-20'),
(1025, 25, 'Savings', 8300.00, '2025-01-17'),
(1026, 26, 'Checking', 2900.00, '2025-02-12'),
(1027, 27, 'Savings', 8900.00, '2025-03-08'),
(1028, 28, 'Savings', 7400.00, '2025-04-22'),
(1029, 29, 'Checking', 5800.00, '2025-05-18'),
(1030, 30, 'Savings', 9300.00, '2025-06-10');


-- create table customers
CREATE TABLE migration.Customers (
    CustomerID INT PRIMARY KEY,
    FirstName NVARCHAR(100),
    LastName NVARCHAR(100),
    Email NVARCHAR(255),
    PhoneNumber NVARCHAR(50),
    Address NVARCHAR(255),
    City NVARCHAR(100),
    State NVARCHAR(100),
    Country NVARCHAR(100),
    ZipCode NVARCHAR(20),
    SignupDate DATE
);

INSERT INTO migration.Customers (CustomerID, FirstName, LastName, Email, PhoneNumber, Address, City, State, Country, ZipCode, SignupDate)
VALUES
(1, 'John', 'Doe', 'john.doe@example.com', '555-1234', '123 Main St', 'New York', 'NY', 'USA', '10001', '2023-01-15'),
(2, 'Jane', 'Smith', 'jane.smith@example.com', '555-5678', '456 Maple Ave', 'Los Angeles', 'CA', 'USA', '90001', '2023-02-10'),
(3, 'Mike', 'Johnson', 'mike.johnson@example.com', '555-8765', '789 Oak Blvd', 'Chicago', 'IL', 'USA', '60601', '2023-03-05'),
(4, 'Alice', 'Williams', 'alice.williams@example.com', '555-4321', '321 Pine St', 'Houston', 'TX', 'USA', '77001', '2023-04-12'),
(5, 'Robert', 'Brown', 'robert.brown@example.com', '555-6789', '654 Cedar Rd', 'Phoenix', 'AZ', 'USA', '85001', '2023-05-20'),
(6, 'Emily', 'Davis', 'emily.davis@example.com', '555-4322', '987 Birch Ln', 'Philadelphia', 'PA', 'USA', '19101', '2023-06-15'),
(7, 'David', 'Miller', 'david.miller@example.com', '555-7654', '654 Spruce St', 'San Antonio', 'TX', 'USA', '78201', '2023-07-01'),
(8, 'Jessica', 'Garcia', 'jessica.garcia@example.com', '555-7890', '111 Elm St', 'San Diego', 'CA', 'USA', '92101', '2023-08-18'),
(9, 'Chris', 'Martinez', 'chris.martinez@example.com', '555-4323', '222 Oak St', 'Dallas', 'TX', 'USA', '75201', '2023-09-20'),
(10, 'Patricia', 'Lopez', 'patricia.lopez@example.com', '555-8766', '333 Pine St', 'San Jose', 'CA', 'USA', '95101', '2023-10-25'),
(11, 'Michael', 'Wilson', 'michael.wilson@example.com', '555-1235', '444 Maple Ave', 'Austin', 'TX', 'USA', '73301', '2023-11-30'),
(12, 'Linda', 'Anderson', 'linda.anderson@example.com', '555-5679', '555 Birch Ln', 'Jacksonville', 'FL', 'USA', '32099', '2023-12-01'),
(13, 'Kevin', 'Clark', 'kevin.clark@example.com', '555-4324', '666 Cedar Rd', 'Columbus', 'OH', 'USA', '43004', '2024-01-12'),
(14, 'Laura', 'Robinson', 'laura.robinson@example.com', '555-7891', '777 Spruce St', 'Fort Worth', 'TX', 'USA', '76101', '2024-02-15'),
(15, 'Joshua', 'Lewis', 'joshua.lewis@example.com', '555-8767', '888 Oak St', 'Indianapolis', 'IN', 'USA', '46201', '2024-03-18'),
(16, 'Sarah', 'Walker', 'sarah.walker@example.com', '555-1236', '999 Pine St', 'Charlotte', 'NC', 'USA', '28201', '2024-04-20'),
(17, 'Matthew', 'Hall', 'matthew.hall@example.com', '555-4325', '1010 Maple Ave', 'San Francisco', 'CA', 'USA', '94101', '2024-05-22'),
(18, 'Sophia', 'Young', 'sophia.young@example.com', '555-7892', '1111 Birch Ln', 'Seattle', 'WA', 'USA', '98101', '2024-06-25'),
(19, 'Daniel', 'King', 'daniel.king@example.com', '555-8768', '1212 Cedar Rd', 'Denver', 'CO', 'USA', '80201', '2024-07-28'),
(20, 'Olivia', 'Scott', 'olivia.scott@example.com', '555-1237', '1313 Spruce St', 'El Paso', 'TX', 'USA', '79901', '2024-08-30'),
(21, 'Jacob', 'Green', 'jacob.green@example.com', '555-4326', '1414 Oak St', 'Boston', 'MA', 'USA', '02101', '2024-09-01'),
(22, 'Mia', 'Baker', 'mia.baker@example.com', '555-7893', '1515 Pine St', 'Nashville', 'TN', 'USA', '37201', '2024-10-02'),
(23, 'Ethan', 'Perez', 'ethan.perez@example.com', '555-8769', '1616 Maple Ave', 'Detroit', 'MI', 'USA', '48201', '2024-11-05'),
(24, 'Ava', 'Harris', 'ava.harris@example.com', '555-1238', '1717 Birch Ln', 'Memphis', 'TN', 'USA', '37501', '2024-12-08'),
(25, 'Noah', 'Reed', 'noah.reed@example.com', '555-4327', '1818 Cedar Rd', 'Baltimore', 'MD', 'USA', '21201', '2025-01-10'),
(26, 'Isabella', 'Bell', 'isabella.bell@example.com', '555-7894', '1919 Spruce St', 'Las Vegas', 'NV', 'USA', '89101', '2025-02-12'),
(27, 'James', 'Sanchez', 'james.sanchez@example.com', '555-8770', '2020 Oak St', 'Louisville', 'KY', 'USA', '40201', '2025-03-15'),
(28, 'Ella', 'Rivera', 'ella.rivera@example.com', '555-1239', '2121 Pine St', 'Milwaukee', 'WI', 'USA', '53201', '2025-04-18'),
(29, 'Lucas', 'Cox', 'lucas.cox@example.com', '555-4328', '2222 Maple Ave', 'Albuquerque', 'NM', 'USA', '87101', '2025-05-20'),
(30, 'Emma', 'Morris', 'emma.morris@example.com', '555-7895', '2323 Birch Ln', 'Tucson', 'AZ', 'USA', '85701', '2025-06-22');


-- create table loans
CREATE TABLE migration.Loans (
    LoanID INT PRIMARY KEY,
    CustomerID INT,
    LoanType NVARCHAR(50),
    LoanAmount DECIMAL(18, 2),
    InterestRate DECIMAL(5, 2),
    LoanStartDate DATE,
    LoanEndDate DATE
);

INSERT INTO migration.Loans (LoanID, CustomerID, LoanType, LoanAmount, InterestRate, LoanStartDate, LoanEndDate)
VALUES
(1, 2, 'Car', 5011, 4.0, '2023-02-02', '2028-02-02'),
(2, 3, 'Personal', 5022, 5.0, '2023-03-03', '2028-03-03'),
(3, 4, 'Education', 5033, 3.0, '2023-04-04', '2028-04-04'),
(4, 5, 'Business', 5044, 4.0, '2023-05-05', '2028-05-05'),
(5, 6, 'Home', 5055, 5.0, '2023-06-06', '2028-06-06'),
(6, 7, 'Car', 5066, 3.0, '2023-07-07', '2028-07-07'),
(7, 8, 'Personal', 5077, 4.0, '2023-08-08', '2028-08-08'),
(8, 9, 'Education', 5088, 5.0, '2023-09-09', '2028-09-09'),
(9, 10, 'Business', 5099, 3.0, '2023-10-10', '2028-10-10'),
(10, 11, 'Home', 5110, 4.0, '2023-11-11', '2028-11-11'),
(11, 12, 'Car', 5121, 5.0, '2023-12-12', '2028-12-12'),
(12, 13, 'Personal', 5132, 3.0, '2023-01-13', '2028-01-13'),
(13, 14, 'Education', 5143, 4.0, '2023-02-14', '2028-02-14'),
(14, 15, 'Business', 5154, 5.0, '2023-03-15', '2028-03-15'),
(15, 16, 'Home', 5165, 3.0, '2023-04-16', '2028-04-16'),
(16, 17, 'Car', 5176, 4.0, '2023-05-17', '2028-05-17'),
(17, 18, 'Personal', 5187, 5.0, '2023-06-18', '2028-06-18'),
(18, 19, 'Education', 5198, 3.0, '2023-07-19', '2028-07-19'),
(19, 20, 'Business', 5209, 4.0, '2023-08-20', '2028-08-20'),
(20, 21, 'Home', 5220, 5.0, '2023-09-21', '2028-09-21'),
(21, 22, 'Car', 5231, 3.0, '2023-10-22', '2028-10-22'),
(22, 23, 'Personal', 5242, 4.0, '2023-11-23', '2028-11-23'),
(23, 24, 'Education', 5253, 5.0, '2023-12-24', '2028-12-24'),
(24, 25, 'Business', 5264, 3.0, '2023-01-25', '2028-01-25'),
(25, 26, 'Home', 5275, 4.0, '2023-02-26', '2028-02-26'),
(26, 27, 'Car', 5286, 5.0, '2023-03-27', '2028-03-27'),
(27, 28, 'Personal', 5297, 3.0, '2023-04-28', '2028-04-28'),
(28, 29, 'Education', 5308, 4.0, '2023-05-01', '2028-05-01'),
(29, 30, 'Business', 5319, 5.0, '2023-06-02', '2028-06-02'),
(30, 1, 'Home', 5330, 3.0, '2023-07-03', '2028-07-03'),
(31, 2, 'Car', 5341, 4.0, '2023-08-04', '2028-08-04'),
(32, 3, 'Personal', 5352, 5.0, '2023-09-05', '2028-09-05'),
(33, 4, 'Education', 5363, 3.0, '2023-10-06', '2028-10-06'),
(34, 5, 'Business', 5374, 4.0, '2023-11-07', '2028-11-07'),
(35, 6, 'Home', 5385, 5.0, '2023-12-08', '2028-12-08'),
(36, 7, 'Car', 5396, 3.0, '2023-01-09', '2028-01-09'),
(37, 8, 'Personal', 5407, 4.0, '2023-02-10', '2028-02-10'),
(38, 9, 'Education', 5418, 5.0, '2023-03-11', '2028-03-11'),
(39, 10, 'Business', 5429, 3.0, '2023-04-12', '2028-04-12'),
(40, 11, 'Home', 5440, 4.0, '2023-05-13', '2028-05-13'),
(41, 12, 'Car', 5451, 5.0, '2023-06-14', '2028-06-14'),
(42, 13, 'Personal', 5462, 3.0, '2023-07-15', '2028-07-15'),
(43, 14, 'Education', 5473, 4.0, '2023-08-16', '2028-08-16'),
(44, 15, 'Business', 5484, 5.0, '2023-09-17', '2028-09-17'),
(45, 16, 'Home', 5495, 3.0, '2023-10-18', '2028-10-18'),
(46, 17, 'Car', 5506, 4.0, '2023-11-19', '2028-11-19'),
(47, 18, 'Personal', 5517, 5.0, '2023-12-20', '2028-12-20'),
(48, 19, 'Education', 5528, 3.0, '2023-01-21', '2028-01-21'),
(49, 20, 'Business', 5539, 4.0, '2023-02-22', '2028-02-22'),
(50, 21, 'Home', 5550, 5.0, '2023-03-23', '2028-03-23'),
(51, 22, 'Car', 5561, 3.0, '2023-04-24', '2028-04-24'),
(52, 23, 'Personal', 5572, 4.0, '2023-05-25', '2028-05-25'),
(53, 24, 'Education', 5583, 5.0, '2023-06-26', '2028-06-26'),
(54, 25, 'Business', 5594, 3.0, '2023-07-27', '2028-07-27'),
(55, 26, 'Home', 5605, 4.0, '2023-08-28', '2028-08-28'),
(56, 27, 'Car', 5616, 5.0, '2023-09-01', '2028-09-01'),
(57, 28, 'Personal', 5627, 3.0, '2023-10-02', '2028-10-02'),
(58, 29, 'Education', 5638, 4.0, '2023-11-03', '2028-11-03'),
(59, 30, 'Business', 5649, 5.0, '2023-12-04', '2028-12-04'),
(60, 1, 'Home', 5660, 3.0, '2023-01-05', '2028-01-05'),
(61, 2, 'Car', 5671, 4.0, '2023-02-06', '2028-02-06'),
(62, 3, 'Personal', 5682, 5.0, '2023-03-07', '2028-03-07'),
(63, 4, 'Education', 5693, 3.0, '2023-04-08', '2028-04-08'),
(64, 5, 'Business', 5704, 4.0, '2023-05-09', '2028-05-09'),
(65, 6, 'Home', 5715, 5.0, '2023-06-10', '2028-06-10'),
(66, 7, 'Car', 5726, 3.0, '2023-07-11', '2028-07-11'),
(67, 8, 'Personal', 5737, 4.0, '2023-08-12', '2028-08-12'),
(68, 9, 'Education', 5748, 5.0, '2023-09-13', '2028-09-13'),
(69, 10, 'Business', 5759, 3.0, '2023-10-14', '2028-10-14'),
(70, 11, 'Home', 5770, 4.0, '2023-11-15', '2028-11-15'),
(71, 12, 'Car', 5781, 5.0, '2023-12-16', '2028-12-16'),
(72, 13, 'Personal', 5792, 3.0, '2023-01-17', '2028-01-17'),
(73, 14, 'Education', 5803, 4.0, '2023-02-18', '2028-02-18'),
(74, 15, 'Business', 5814, 5.0, '2023-03-19', '2028-03-19'),
(75, 16, 'Home', 5825, 3.0, '2023-04-20', '2028-04-20'),
(76, 17, 'Car', 5836, 4.0, '2023-05-21', '2028-05-21'),
(77, 18, 'Personal', 5847, 5.0, '2023-06-22', '2028-06-22'),
(78, 19, 'Education', 5858, 3.0, '2023-07-23', '2028-07-23'),
(79, 20, 'Business', 5869, 4.0, '2023-08-24', '2028-08-24'),
(80, 21, 'Home', 5880, 5.0, '2023-09-25', '2028-09-25'),
(81, 22, 'Car', 5891, 3.0, '2023-10-26', '2028-10-26'),
(82, 23, 'Personal', 5902, 4.0, '2023-11-27', '2028-11-27'),
(83, 24, 'Education', 5913, 5.0, '2023-12-28', '2028-12-28'),
(84, 25, 'Business', 5924, 3.0, '2023-01-01', '2028-01-01'),
(85, 26, 'Home', 5935, 4.0, '2023-02-02', '2028-02-02'),
(86, 27, 'Car', 5946, 5.0, '2023-03-03', '2028-03-03'),
(87, 28, 'Personal', 5957, 3.0, '2023-04-04', '2028-04-04'),
(88, 29, 'Education', 5968, 4.0, '2023-05-05', '2028-05-05'),
(89, 30, 'Business', 5979, 5.0, '2023-06-06', '2028-06-06'),
(90, 1, 'Home', 5990, 3.0, '2023-07-07', '2028-07-07'),
(91, 2, 'Car', 6001, 4.0, '2023-08-08', '2028-08-08'),
(92, 3, 'Personal', 6012, 5.0, '2023-09-09', '2028-09-09'),
(93, 4, 'Education', 6023, 3.0, '2023-10-10', '2028-10-10'),
(94, 5, 'Business', 6034, 4.0, '2023-11-11', '2028-11-11'),
(95, 6, 'Home', 6045, 5.0, '2023-12-12', '2028-12-12'),
(96, 7, 'Car', 6056, 3.0, '2023-01-13', '2028-01-13'),
(97, 8, 'Personal', 6067, 4.0, '2023-02-14', '2028-02-14'),
(98, 9, 'Education', 6078, 5.0, '2023-03-15', '2028-03-15'),
(99, 10, 'Business', 6089, 3.0, '2023-04-16', '2028-04-16'),
(100, 11, 'Home', 6100, 4.0, '2023-05-17', '2028-05-17'),
(101, 12, 'Car', 6111, 5.0, '2023-06-18', '2028-06-18'),
(102, 13, 'Personal', 6122, 3.0, '2023-07-19', '2028-07-19'),
(103, 14, 'Education', 6133, 4.0, '2023-08-20', '2028-08-20'),
(104, 15, 'Business', 6144, 5.0, '2023-09-21', '2028-09-21'),
(105, 16, 'Home', 6155, 3.0, '2023-10-22', '2028-10-22'),
(106, 17, 'Car', 6166, 4.0, '2023-11-23', '2028-11-23'),
(107, 18, 'Personal', 6177, 5.0, '2023-12-24', '2028-12-24'),
(108, 19, 'Education', 6188, 3.0, '2023-01-25', '2028-01-25'),
(109, 20, 'Business', 6199, 4.0, '2023-02-26', '2028-02-26'),
(110, 21, 'Home', 6210, 5.0, '2023-03-27', '2028-03-27'),
(111, 22, 'Car', 6221, 3.0, '2023-04-28', '2028-04-28'),
(112, 23, 'Personal', 6232, 4.0, '2023-05-01', '2028-05-01'),
(113, 24, 'Education', 6243, 5.0, '2023-06-02', '2028-06-02'),
(114, 25, 'Business', 6254, 3.0, '2023-07-03', '2028-07-03'),
(115, 26, 'Home', 6265, 4.0, '2023-08-04', '2028-08-04'),
(116, 27, 'Car', 6276, 5.0, '2023-09-05', '2028-09-05'),
(117, 28, 'Personal', 6287, 3.0, '2023-10-06', '2028-10-06'),
(118, 29, 'Education', 6298, 4.0, '2023-11-07', '2028-11-07'),
(119, 30, 'Business', 6309, 5.0, '2023-12-08', '2028-12-08'),
(120, 1, 'Home', 6320, 3.0, '2023-01-09', '2028-01-09'),
(121, 2, 'Car', 6331, 4.0, '2023-02-10', '2028-02-10'),
(122, 3, 'Personal', 6342, 5.0, '2023-03-11', '2028-03-11'),
(123, 4, 'Education', 6353, 3.0, '2023-04-12', '2028-04-12'),
(124, 5, 'Business', 6364, 4.0, '2023-05-13', '2028-05-13'),
(125, 6, 'Home', 6375, 5.0, '2023-06-14', '2028-06-14'),
(126, 7, 'Car', 6386, 3.0, '2023-07-15', '2028-07-15'),
(127, 8, 'Personal', 6397, 4.0, '2023-08-16', '2028-08-16'),
(128, 9, 'Education', 6408, 5.0, '2023-09-17', '2028-09-17'),
(129, 10, 'Business', 6419, 3.0, '2023-10-18', '2028-10-18'),
(130, 11, 'Home', 6430, 4.0, '2023-11-19', '2028-11-19'),
(131, 12, 'Car', 6441, 5.0, '2023-12-20', '2028-12-20'),
(132, 13, 'Personal', 6452, 3.0, '2023-01-21', '2028-01-21'),
(133, 14, 'Education', 6463, 4.0, '2023-02-22', '2028-02-22'),
(134, 15, 'Business', 6474, 5.0, '2023-03-23', '2028-03-23'),
(135, 16, 'Home', 6485, 3.0, '2023-04-24', '2028-04-24'),
(136, 17, 'Car', 6496, 4.0, '2023-05-25', '2028-05-25'),
(137, 18, 'Personal', 6507, 5.0, '2023-06-26', '2028-06-26'),
(138, 19, 'Education', 6518, 3.0, '2023-07-27', '2028-07-27'),
(139, 20, 'Business', 6529, 4.0, '2023-08-28', '2028-08-28'),
(140, 21, 'Home', 6540, 5.0, '2023-09-01', '2028-09-01'),
(141, 22, 'Car', 6551, 3.0, '2023-10-02', '2028-10-02'),
(142, 23, 'Personal', 6562, 4.0, '2023-11-03', '2028-11-03'),
(143, 24, 'Education', 6573, 5.0, '2023-12-04', '2028-12-04'),
(144, 25, 'Business', 6584, 3.0, '2023-01-05', '2028-01-05'),
(145, 26, 'Home', 6595, 4.0, '2023-02-06', '2028-02-06'),
(146, 27, 'Car', 6606, 5.0, '2023-03-07', '2028-03-07'),
(147, 28, 'Personal', 6617, 3.0, '2023-04-08', '2028-04-08'),
(148, 29, 'Education', 6628, 4.0, '2023-05-09', '2028-05-09'),
(149, 30, 'Business', 6639, 5.0, '2023-06-10', '2028-06-10'),
(150, 1, 'Home', 6650, 3.0, '2023-07-11', '2028-07-11'),
(151, 2, 'Car', 6661, 4.0, '2023-08-12', '2028-08-12'),
(152, 3, 'Personal', 6672, 5.0, '2023-09-13', '2028-09-13'),
(153, 4, 'Education', 6683, 3.0, '2023-10-14', '2028-10-14'),
(154, 5, 'Business', 6694, 4.0, '2023-11-15', '2028-11-15'),
(155, 6, 'Home', 6705, 5.0, '2023-12-16', '2028-12-16'),
(156, 7, 'Car', 6716, 3.0, '2023-01-17', '2028-01-17'),
(157, 8, 'Personal', 6727, 4.0, '2023-02-18', '2028-02-18'),
(158, 9, 'Education', 6738, 5.0, '2023-03-19', '2028-03-19'),
(159, 10, 'Business', 6749, 3.0, '2023-04-20', '2028-04-20'),
(160, 11, 'Home', 6760, 4.0, '2023-05-21', '2028-05-21'),
(161, 12, 'Car', 6771, 5.0, '2023-06-22', '2028-06-22'),
(162, 13, 'Personal', 6782, 3.0, '2023-07-23', '2028-07-23'),
(163, 14, 'Education', 6793, 4.0, '2023-08-24', '2028-08-24'),
(164, 15, 'Business', 6804, 5.0, '2023-09-25', '2028-09-25'),
(165, 16, 'Home', 6815, 3.0, '2023-10-26', '2028-10-26'),
(166, 17, 'Car', 6826, 4.0, '2023-11-27', '2028-11-27'),
(167, 18, 'Personal', 6837, 5.0, '2023-12-28', '2028-12-28'),
(168, 19, 'Education', 6848, 3.0, '2023-01-01', '2028-01-01'),
(169, 20, 'Business', 6859, 4.0, '2023-02-02', '2028-02-02'),
(170, 21, 'Home', 6870, 5.0, '2023-03-03', '2028-03-03'),
(171, 22, 'Car', 6881, 3.0, '2023-04-04', '2028-04-04'),
(172, 23, 'Personal', 6892, 4.0, '2023-05-05', '2028-05-05'),
(173, 24, 'Education', 6903, 5.0, '2023-06-06', '2028-06-06'),
(174, 25, 'Business', 6914, 3.0, '2023-07-07', '2028-07-07'),
(175, 26, 'Home', 6925, 4.0, '2023-08-08', '2028-08-08'),
(176, 27, 'Car', 6936, 5.0, '2023-09-09', '2028-09-09'),
(177, 28, 'Personal', 6947, 3.0, '2023-10-10', '2028-10-10'),
(178, 29, 'Education', 6958, 4.0, '2023-11-11', '2028-11-11'),
(179, 30, 'Business', 6969, 5.0, '2023-12-12', '2028-12-12'),
(180, 1, 'Home', 6980, 3.0, '2023-01-13', '2028-01-13'),
(181, 2, 'Car', 6991, 4.0, '2023-02-14', '2028-02-14'),
(182, 3, 'Personal', 7002, 5.0, '2023-03-15', '2028-03-15'),
(183, 4, 'Education', 7013, 3.0, '2023-04-16', '2028-04-16'),
(184, 5, 'Business', 7024, 4.0, '2023-05-17', '2028-05-17'),
(185, 6, 'Home', 7035, 5.0, '2023-06-18', '2028-06-18'),
(186, 7, 'Car', 7046, 3.0, '2023-07-19', '2028-07-19'),
(187, 8, 'Personal', 7057, 4.0, '2023-08-20', '2028-08-20'),
(188, 9, 'Education', 7068, 5.0, '2023-09-21', '2028-09-21'),
(189, 10, 'Business', 7079, 3.0, '2023-10-22', '2028-10-22'),
(190, 11, 'Home', 7090, 4.0, '2023-11-23', '2028-11-23'),
(191, 12, 'Car', 7101, 5.0, '2023-12-24', '2028-12-24'),
(192, 13, 'Personal', 7112, 3.0, '2023-01-25', '2028-01-25'),
(193, 14, 'Education', 7123, 4.0, '2023-02-26', '2028-02-26'),
(194, 15, 'Business', 7134, 5.0, '2023-03-27', '2028-03-27'),
(195, 16, 'Home', 7145, 3.0, '2023-04-28', '2028-04-28'),
(196, 17, 'Car', 7156, 4.0, '2023-05-01', '2028-05-01'),
(197, 18, 'Personal', 7167, 5.0, '2023-06-02', '2028-06-02'),
(198, 19, 'Education', 7178, 3.0, '2023-07-03', '2028-07-03'),
(199, 20, 'Business', 7189, 4.0, '2023-08-04', '2028-08-04'),
(200, 21, 'Home', 7200, 5.0, '2023-09-05', '2028-09-05'),
(201, 22, 'Car', 7211, 3.0, '2023-10-06', '2028-10-06'),
(202, 23, 'Personal', 7222, 4.0, '2023-11-07', '2028-11-07'),
(203, 24, 'Education', 7233, 5.0, '2023-12-08', '2028-12-08'),
(204, 25, 'Business', 7244, 3.0, '2023-01-09', '2028-01-09'),
(205, 26, 'Home', 7255, 4.0, '2023-02-10', '2028-02-10'),
(206, 27, 'Car', 7266, 5.0, '2023-03-11', '2028-03-11'),
(207, 28, 'Personal', 7277, 3.0, '2023-04-12', '2028-04-12'),
(208, 29, 'Education', 7288, 4.0, '2023-05-13', '2028-05-13'),
(209, 30, 'Business', 7299, 5.0, '2023-06-14', '2028-06-14'),
(210, 1, 'Home', 7310, 3.0, '2023-07-15', '2028-07-15'),
(211, 2, 'Car', 7321, 4.0, '2023-08-16', '2028-08-16'),
(212, 3, 'Personal', 7332, 5.0, '2023-09-17', '2028-09-17'),
(213, 4, 'Education', 7343, 3.0, '2023-10-18', '2028-10-18'),
(214, 5, 'Business', 7354, 4.0, '2023-11-19', '2028-11-19'),
(215, 6, 'Home', 7365, 5.0, '2023-12-20', '2028-12-20'),
(216, 7, 'Car', 7376, 3.0, '2023-01-21', '2028-01-21'),
(217, 8, 'Personal', 7387, 4.0, '2023-02-22', '2028-02-22'),
(218, 9, 'Education', 7398, 5.0, '2023-03-23', '2028-03-23'),
(219, 10, 'Business', 7409, 3.0, '2023-04-24', '2028-04-24'),
(220, 11, 'Home', 7420, 4.0, '2023-05-25', '2028-05-25'),
(221, 12, 'Car', 7431, 5.0, '2023-06-26', '2028-06-26'),
(222, 13, 'Personal', 7442, 3.0, '2023-07-27', '2028-07-27'),
(223, 14, 'Education', 7453, 4.0, '2023-08-28', '2028-08-28'),
(224, 15, 'Business', 7464, 5.0, '2023-09-01', '2028-09-01'),
(225, 16, 'Home', 7475, 3.0, '2023-10-02', '2028-10-02'),
(226, 17, 'Car', 7486, 4.0, '2023-11-03', '2028-11-03'),
(227, 18, 'Personal', 7497, 5.0, '2023-12-04', '2028-12-04'),
(228, 19, 'Education', 7508, 3.0, '2023-01-05', '2028-01-05'),
(229, 20, 'Business', 7519, 4.0, '2023-02-06', '2028-02-06'),
(230, 21, 'Home', 7530, 5.0, '2023-03-07', '2028-03-07'),
(231, 22, 'Car', 7541, 3.0, '2023-04-08', '2028-04-08'),
(232, 23, 'Personal', 7552, 4.0, '2023-05-09', '2028-05-09'),
(233, 24, 'Education', 7563, 5.0, '2023-06-10', '2028-06-10'),
(234, 25, 'Business', 7574, 3.0, '2023-07-11', '2028-07-11'),
(235, 26, 'Home', 7585, 4.0, '2023-08-12', '2028-08-12'),
(236, 27, 'Car', 7596, 5.0, '2023-09-13', '2028-09-13'),
(237, 28, 'Personal', 7607, 3.0, '2023-10-14', '2028-10-14'),
(238, 29, 'Education', 7618, 4.0, '2023-11-15', '2028-11-15'),
(239, 30, 'Business', 7629, 5.0, '2023-12-16', '2028-12-16'),
(240, 1, 'Home', 7640, 3.0, '2023-01-17', '2028-01-17'),
(241, 2, 'Car', 7651, 4.0, '2023-02-18', '2028-02-18'),
(242, 3, 'Personal', 7662, 5.0, '2023-03-19', '2028-03-19'),
(243, 4, 'Education', 7673, 3.0, '2023-04-20', '2028-04-20'),
(244, 5, 'Business', 7684, 4.0, '2023-05-21', '2028-05-21'),
(245, 6, 'Home', 7695, 5.0, '2023-06-22', '2028-06-22'),
(246, 7, 'Car', 7706, 3.0, '2023-07-23', '2028-07-23'),
(247, 8, 'Personal', 7717, 4.0, '2023-08-24', '2028-08-24'),
(248, 9, 'Education', 7728, 5.0, '2023-09-25', '2028-09-25'),
(249, 10, 'Business', 7739, 3.0, '2023-10-26', '2028-10-26'),
(250, 11, 'Home', 7750, 4.0, '2023-11-27', '2028-11-27'),
(251, 12, 'Car', 7761, 5.0, '2023-12-28', '2028-12-28'),
(252, 13, 'Personal', 7772, 3.0, '2023-01-01', '2028-01-01'),
(253, 14, 'Education', 7783, 4.0, '2023-02-02', '2028-02-02'),
(254, 15, 'Business', 7794, 5.0, '2023-03-03', '2028-03-03'),
(255, 16, 'Home', 7805, 3.0, '2023-04-04', '2028-04-04'),
(256, 17, 'Car', 7816, 4.0, '2023-05-05', '2028-05-05'),
(257, 18, 'Personal', 7827, 5.0, '2023-06-06', '2028-06-06'),
(258, 19, 'Education', 7838, 3.0, '2023-07-07', '2028-07-07'),
(259, 20, 'Business', 7849, 4.0, '2023-08-08', '2028-08-08'),
(260, 21, 'Home', 7860, 5.0, '2023-09-09', '2028-09-09'),
(261, 22, 'Car', 7871, 3.0, '2023-10-10', '2028-10-10'),
(262, 23, 'Personal', 7882, 4.0, '2023-11-11', '2028-11-11'),
(263, 24, 'Education', 7893, 5.0, '2023-12-12', '2028-12-12'),
(264, 25, 'Business', 7904, 3.0, '2023-01-13', '2028-01-13'),
(265, 26, 'Home', 7915, 4.0, '2023-02-14', '2028-02-14'),
(266, 27, 'Car', 7926, 5.0, '2023-03-15', '2028-03-15'),
(267, 28, 'Personal', 7937, 3.0, '2023-04-16', '2028-04-16'),
(268, 29, 'Education', 7948, 4.0, '2023-05-17', '2028-05-17'),
(269, 30, 'Business', 7959, 5.0, '2023-06-18', '2028-06-18'),
(270, 1, 'Home', 7970, 3.0, '2023-07-19', '2028-07-19'),
(271, 2, 'Car', 7981, 4.0, '2023-08-20', '2028-08-20'),
(272, 3, 'Personal', 7992, 5.0, '2023-09-21', '2028-09-21'),
(273, 4, 'Education', 8003, 3.0, '2023-10-22', '2028-10-22'),
(274, 5, 'Business', 8014, 4.0, '2023-11-23', '2028-11-23'),
(275, 6, 'Home', 8025, 5.0, '2023-12-24', '2028-12-24'),
(276, 7, 'Car', 8036, 3.0, '2023-01-25', '2028-01-25'),
(277, 8, 'Personal', 8047, 4.0, '2023-02-26', '2028-02-26'),
(278, 9, 'Education', 8058, 5.0, '2023-03-27', '2028-03-27'),
(279, 10, 'Business', 8069, 3.0, '2023-04-28', '2028-04-28'),
(280, 11, 'Home', 8080, 4.0, '2023-05-01', '2028-05-01'),
(281, 12, 'Car', 8091, 5.0, '2023-06-02', '2028-06-02'),
(282, 13, 'Personal', 8102, 3.0, '2023-07-03', '2028-07-03'),
(283, 14, 'Education', 8113, 4.0, '2023-08-04', '2028-08-04'),
(284, 15, 'Business', 8124, 5.0, '2023-09-05', '2028-09-05'),
(285, 16, 'Home', 8135, 3.0, '2023-10-06', '2028-10-06'),
(286, 17, 'Car', 8146, 4.0, '2023-11-07', '2028-11-07'),
(287, 18, 'Personal', 8157, 5.0, '2023-12-08', '2028-12-08'),
(288, 19, 'Education', 8168, 3.0, '2023-01-09', '2028-01-09'),
(289, 20, 'Business', 8179, 4.0, '2023-02-10', '2028-02-10'),
(290, 21, 'Home', 8190, 5.0, '2023-03-11', '2028-03-11'),
(291, 22, 'Car', 8201, 3.0, '2023-04-12', '2028-04-12'),
(292, 23, 'Personal', 8212, 4.0, '2023-05-13', '2028-05-13'),
(293, 24, 'Education', 8223, 5.0, '2023-06-14', '2028-06-14'),
(294, 25, 'Business', 8234, 3.0, '2023-07-15', '2028-07-15'),
(295, 26, 'Home', 8245, 4.0, '2023-08-16', '2028-08-16'),
(296, 27, 'Car', 8256, 5.0, '2023-09-17', '2028-09-17'),
(297, 28, 'Personal', 8267, 3.0, '2023-10-18', '2028-10-18'),
(298, 29, 'Education', 8278, 4.0, '2023-11-19', '2028-11-19'),
(299, 30, 'Business', 8289, 5.0, '2023-12-20', '2028-12-20'),
(300, 1, 'Home', 8300, 3.0, '2023-01-21', '2028-01-21');


-- create table payments
CREATE TABLE migration.Payments (
    PaymentID INT PRIMARY KEY,
    LoanID INT,
    PaymentDate DATE,
    PaymentAmount DECIMAL(18, 2),
    PaymentMethod NVARCHAR(50)
);

INSERT INTO migration.Payments (PaymentID, LoanID, PaymentDate, PaymentAmount, PaymentMethod)
VALUES
(1, 76, '2024-02-02', 301.1, 'Credit Card'),
(2, 174, '2024-03-03', 302.2, 'Debit Card'),
(3, 146, '2024-04-04', 303.3, 'Cash'),
(4, 202, '2024-05-05', 304.4, 'Bank Transfer'),
(5, 81, '2024-06-06', 305.5, 'Credit Card'),
(6, 225, '2024-07-07', 306.6, 'Debit Card'),
(7, 279, '2024-08-08', 307.7, 'Cash'),
(8, 111, '2024-09-09', 308.8, 'Bank Transfer'),
(9, 136, '2024-10-10', 309.9, 'Credit Card'),
(10, 186, '2024-11-11', 311.0, 'Debit Card'),
(11, 217, '2024-12-12', 312.1, 'Cash'),
(12, 279, '2024-01-13', 313.2, 'Bank Transfer'),
(13, 66, '2024-02-14', 314.3, 'Credit Card'),
(14, 161, '2024-03-15', 315.4, 'Debit Card'),
(15, 127, '2024-04-16', 316.5, 'Cash'),
(16, 194, '2024-05-17', 317.6, 'Bank Transfer'),
(17, 153, '2024-06-18', 318.7, 'Credit Card'),
(18, 276, '2024-07-19', 319.8, 'Debit Card'),
(19, 80, '2024-08-20', 320.9, 'Cash'),
(20, 48, '2024-09-21', 322.0, 'Bank Transfer'),
(21, 41, '2024-10-22', 323.1, 'Credit Card'),
(22, 15, '2024-11-23', 324.2, 'Debit Card'),
(23, 225, '2024-12-24', 325.3, 'Cash'),
(24, 96, '2024-01-25', 326.4, 'Bank Transfer'),
(25, 298, '2024-02-26', 327.5, 'Credit Card'),
(26, 161, '2024-03-27', 328.6, 'Debit Card'),
(27, 230, '2024-04-28', 329.7, 'Cash'),
(28, 266, '2024-05-01', 330.8, 'Bank Transfer'),
(29, 295, '2024-06-02', 331.9, 'Credit Card'),
(30, 86, '2024-07-03', 333.0, 'Debit Card'),
(31, 172, '2024-08-04', 334.1, 'Cash'),
(32, 198, '2024-09-05', 335.2, 'Bank Transfer'),
(33, 161, '2024-10-06', 336.3, 'Credit Card'),
(34, 95, '2024-11-07', 337.4, 'Debit Card'),
(35, 216, '2024-12-08', 338.5, 'Cash'),
(36, 69, '2024-01-09', 339.6, 'Bank Transfer'),
(37, 268, '2024-02-10', 340.7, 'Credit Card'),
(38, 286, '2024-03-11', 341.8, 'Debit Card'),
(39, 134, '2024-04-12', 342.9, 'Cash'),
(40, 146, '2024-05-13', 344.0, 'Bank Transfer'),
(41, 288, '2024-06-14', 345.1, 'Credit Card'),
(42, 235, '2024-07-15', 346.2, 'Debit Card'),
(43, 236, '2024-08-16', 347.3, 'Cash'),
(44, 226, '2024-09-17', 348.4, 'Bank Transfer'),
(45, 289, '2024-10-18', 349.5, 'Credit Card'),
(46, 78, '2024-11-19', 350.6, 'Debit Card'),
(47, 113, '2024-12-20', 351.7, 'Cash'),
(48, 172, '2024-01-21', 352.8, 'Bank Transfer'),
(49, 120, '2024-02-22', 353.9, 'Credit Card'),
(50, 213, '2024-03-23', 355.0, 'Debit Card'),
(51, 71, '2024-04-24', 356.1, 'Cash'),
(52, 233, '2024-05-25', 357.2, 'Bank Transfer'),
(53, 224, '2024-06-26', 358.3, 'Credit Card'),
(54, 96, '2024-07-27', 359.4, 'Debit Card'),
(55, 243, '2024-08-28', 360.5, 'Cash'),
(56, 244, '2024-09-01', 361.6, 'Bank Transfer'),
(57, 295, '2024-10-02', 362.7, 'Credit Card'),
(58, 278, '2024-11-03', 363.8, 'Debit Card'),
(59, 295, '2024-12-04', 364.9, 'Cash'),
(60, 166, '2024-01-05', 366.0, 'Bank Transfer'),
(61, 252, '2024-02-06', 367.1, 'Credit Card'),
(62, 58, '2024-03-07', 368.2, 'Debit Card'),
(63, 223, '2024-04-08', 369.3, 'Cash'),
(64, 274, '2024-05-09', 370.4, 'Bank Transfer'),
(65, 113, '2024-06-10', 371.5, 'Credit Card'),
(66, 277, '2024-07-11', 372.6, 'Debit Card'),
(67, 12, '2024-08-12', 373.7, 'Cash'),
(68, 138, '2024-09-13', 374.8, 'Bank Transfer'),
(69, 277, '2024-10-14', 375.9, 'Credit Card'),
(70, 31, '2024-11-15', 377.0, 'Debit Card'),
(71, 134, '2024-12-16', 378.1, 'Cash'),
(72, 119, '2024-01-17', 379.2, 'Bank Transfer'),
(73, 17, '2024-02-18', 380.3, 'Credit Card'),
(74, 12, '2024-03-19', 381.4, 'Debit Card'),
(75, 6, '2024-04-20', 382.5, 'Cash');


-- create table transactions
CREATE TABLE migration.Transactions (
    TransactionID INT PRIMARY KEY,
    AccountID INT,
    TransactionDate DATE,
    Amount DECIMAL(18, 2),
    TransactionType NVARCHAR(50),
    Description NVARCHAR(255)
);

INSERT INTO migration.Transactions (TransactionID, AccountID, TransactionDate, Amount, TransactionType, Description)
VALUES
(1, 1002, '2023-02-02', 101.1, 'Withdrawal', 'Manual transaction'),
(2, 1003, '2023-03-03', 102.2, 'Deposit', 'Automatic transaction'),
(3, 1004, '2023-04-04', 103.3, 'Withdrawal', 'Manual transaction'),
(4, 1005, '2023-05-05', 104.4, 'Deposit', 'Automatic transaction'),
(5, 1006, '2023-06-06', 105.5, 'Withdrawal', 'Manual transaction'),
(6, 1007, '2023-07-07', 106.6, 'Deposit', 'Automatic transaction'),
(7, 1008, '2023-08-08', 107.7, 'Withdrawal', 'Manual transaction'),
(8, 1009, '2023-09-09', 108.8, 'Deposit', 'Automatic transaction'),
(9, 1010, '2023-10-10', 109.9, 'Withdrawal', 'Manual transaction'),
(10, 1011, '2023-11-11', 111.0, 'Deposit', 'Automatic transaction'),
(11, 1012, '2023-12-12', 112.1, 'Withdrawal', 'Manual transaction'),
(12, 1013, '2023-01-13', 113.2, 'Deposit', 'Automatic transaction'),
(13, 1014, '2023-02-14', 114.3, 'Withdrawal', 'Manual transaction'),
(14, 1015, '2023-03-15', 115.4, 'Deposit', 'Automatic transaction'),
(15, 1016, '2023-04-16', 116.5, 'Withdrawal', 'Manual transaction'),
(16, 1017, '2023-05-17', 117.6, 'Deposit', 'Automatic transaction'),
(17, 1018, '2023-06-18', 118.7, 'Withdrawal', 'Manual transaction'),
(18, 1019, '2023-07-19', 119.8, 'Deposit', 'Automatic transaction'),
(19, 1020, '2023-08-20', 120.9, 'Withdrawal', 'Manual transaction'),
(20, 1021, '2023-09-21', 122.0, 'Deposit', 'Automatic transaction'),
(21, 1022, '2023-10-22', 123.1, 'Withdrawal', 'Manual transaction'),
(22, 1023, '2023-11-23', 124.2, 'Deposit', 'Automatic transaction'),
(23, 1024, '2023-12-24', 125.3, 'Withdrawal', 'Manual transaction'),
(24, 1025, '2023-01-25', 126.4, 'Deposit', 'Automatic transaction'),
(25, 1026, '2023-02-26', 127.5, 'Withdrawal', 'Manual transaction'),
(26, 1027, '2023-03-27', 128.6, 'Deposit', 'Automatic transaction'),
(27, 1028, '2023-04-28', 129.7, 'Withdrawal', 'Manual transaction'),
(28, 1029, '2023-05-01', 130.8, 'Deposit', 'Automatic transaction'),
(29, 1030, '2023-06-02', 131.9, 'Withdrawal', 'Manual transaction'),
(30, 1001, '2023-07-03', 133.0, 'Deposit', 'Automatic transaction'),
(31, 1002, '2023-08-04', 134.1, 'Withdrawal', 'Manual transaction'),
(32, 1003, '2023-09-05', 135.2, 'Deposit', 'Automatic transaction'),
(33, 1004, '2023-10-06', 136.3, 'Withdrawal', 'Manual transaction'),
(34, 1005, '2023-11-07', 137.4, 'Deposit', 'Automatic transaction'),
(35, 1006, '2023-12-08', 138.5, 'Withdrawal', 'Manual transaction'),
(36, 1007, '2023-01-09', 139.6, 'Deposit', 'Automatic transaction'),
(37, 1008, '2023-02-10', 140.7, 'Withdrawal', 'Manual transaction'),
(38, 1009, '2023-03-11', 141.8, 'Deposit', 'Automatic transaction'),
(39, 1010, '2023-04-12', 142.9, 'Withdrawal', 'Manual transaction'),
(40, 1011, '2023-05-13', 144.0, 'Deposit', 'Automatic transaction'),
(41, 1012, '2023-06-14', 145.1, 'Withdrawal', 'Manual transaction'),
(42, 1013, '2023-07-15', 146.2, 'Deposit', 'Automatic transaction'),
(43, 1014, '2023-08-16', 147.3, 'Withdrawal', 'Manual transaction'),
(44, 1015, '2023-09-17', 148.4, 'Deposit', 'Automatic transaction'),
(45, 1016, '2023-10-18', 149.5, 'Withdrawal', 'Manual transaction'),
(46, 1017, '2023-11-19', 150.6, 'Deposit', 'Automatic transaction'),
(47, 1018, '2023-12-20', 151.7, 'Withdrawal', 'Manual transaction'),
(48, 1019, '2023-01-21', 152.8, 'Deposit', 'Automatic transaction'),
(49, 1020, '2023-02-22', 153.9, 'Withdrawal', 'Manual transaction'),
(50, 1021, '2023-03-23', 155.0, 'Deposit', 'Automatic transaction'),
(51, 1022, '2023-04-24', 156.1, 'Withdrawal', 'Manual transaction'),
(52, 1023, '2023-05-25', 157.2, 'Deposit', 'Automatic transaction'),
(53, 1024, '2023-06-26', 158.3, 'Withdrawal', 'Manual transaction'),
(54, 1025, '2023-07-27', 159.4, 'Deposit', 'Automatic transaction'),
(55, 1026, '2023-08-28', 160.5, 'Withdrawal', 'Manual transaction'),
(56, 1027, '2023-09-01', 161.6, 'Deposit', 'Automatic transaction'),
(57, 1028, '2023-10-02', 162.7, 'Withdrawal', 'Manual transaction'),
(58, 1029, '2023-11-03', 163.8, 'Deposit', 'Automatic transaction'),
(59, 1030, '2023-12-04', 164.9, 'Withdrawal', 'Manual transaction'),
(60, 1001, '2023-01-05', 166.0, 'Deposit', 'Automatic transaction'),
(61, 1002, '2023-02-06', 167.1, 'Withdrawal', 'Manual transaction'),
(62, 1003, '2023-03-07', 168.2, 'Deposit', 'Automatic transaction'),
(63, 1004, '2023-04-08', 169.3, 'Withdrawal', 'Manual transaction'),
(64, 1005, '2023-05-09', 170.4, 'Deposit', 'Automatic transaction'),
(65, 1006, '2023-06-10', 171.5, 'Withdrawal', 'Manual transaction'),
(66, 1007, '2023-07-11', 172.6, 'Deposit', 'Automatic transaction'),
(67, 1008, '2023-08-12', 173.7, 'Withdrawal', 'Manual transaction'),
(68, 1009, '2023-09-13', 174.8, 'Deposit', 'Automatic transaction'),
(69, 1010, '2023-10-14', 175.9, 'Withdrawal', 'Manual transaction'),
(70, 1011, '2023-11-15', 177.0, 'Deposit', 'Automatic transaction'),
(71, 1012, '2023-12-16', 178.1, 'Withdrawal', 'Manual transaction'),
(72, 1013, '2023-01-17', 179.2, 'Deposit', 'Automatic transaction'),
(73, 1014, '2023-02-18', 180.3, 'Withdrawal', 'Manual transaction'),
(74, 1015, '2023-03-19', 181.4, 'Deposit', 'Automatic transaction'),
(75, 1016, '2023-04-20', 182.5, 'Withdrawal', 'Manual transaction'),
(76, 1017, '2023-05-21', 183.6, 'Deposit', 'Automatic transaction'),
(77, 1018, '2023-06-22', 184.7, 'Withdrawal', 'Manual transaction'),
(78, 1019, '2023-07-23', 185.8, 'Deposit', 'Automatic transaction'),
(79, 1020, '2023-08-24', 186.9, 'Withdrawal', 'Manual transaction'),
(80, 1021, '2023-09-25', 188.0, 'Deposit', 'Automatic transaction'),
(81, 1022, '2023-10-26', 189.1, 'Withdrawal', 'Manual transaction'),
(82, 1023, '2023-11-27', 190.2, 'Deposit', 'Automatic transaction'),
(83, 1024, '2023-12-28', 191.3, 'Withdrawal', 'Manual transaction'),
(84, 1025, '2023-01-01', 192.4, 'Deposit', 'Automatic transaction'),
(85, 1026, '2023-02-02', 193.5, 'Withdrawal', 'Manual transaction'),
(86, 1027, '2023-03-03', 194.6, 'Deposit', 'Automatic transaction'),
(87, 1028, '2023-04-04', 195.7, 'Withdrawal', 'Manual transaction'),
(88, 1029, '2023-05-05', 196.8, 'Deposit', 'Automatic transaction'),
(89, 1030, '2023-06-06', 197.9, 'Withdrawal', 'Manual transaction'),
(90, 1001, '2023-07-07', 199.0, 'Deposit', 'Automatic transaction'),
(91, 1002, '2023-08-08', 200.1, 'Withdrawal', 'Manual transaction'),
(92, 1003, '2023-09-09', 201.2, 'Deposit', 'Automatic transaction'),
(93, 1004, '2023-10-10', 202.3, 'Withdrawal', 'Manual transaction'),
(94, 1005, '2023-11-11', 203.4, 'Deposit', 'Automatic transaction'),
(95, 1006, '2023-12-12', 204.5, 'Withdrawal', 'Manual transaction'),
(96, 1007, '2023-01-13', 205.6, 'Deposit', 'Automatic transaction'),
(97, 1008, '2023-02-14', 206.7, 'Withdrawal', 'Manual transaction'),
(98, 1009, '2023-03-15', 207.8, 'Deposit', 'Automatic transaction'),
(99, 1010, '2023-04-16', 208.9, 'Withdrawal', 'Manual transaction'),
(100, 1011, '2023-05-17', 210.0, 'Deposit', 'Automatic transaction'),
(101, 1012, '2023-06-18', 211.1, 'Withdrawal', 'Manual transaction'),
(102, 1013, '2023-07-19', 212.2, 'Deposit', 'Automatic transaction'),
(103, 1014, '2023-08-20', 213.3, 'Withdrawal', 'Manual transaction'),
(104, 1015, '2023-09-21', 214.4, 'Deposit', 'Automatic transaction'),
(105, 1016, '2023-10-22', 215.5, 'Withdrawal', 'Manual transaction'),
(106, 1017, '2023-11-23', 216.6, 'Deposit', 'Automatic transaction'),
(107, 1018, '2023-12-24', 217.7, 'Withdrawal', 'Manual transaction'),
(108, 1019, '2023-01-25', 218.8, 'Deposit', 'Automatic transaction'),
(109, 1020, '2023-02-26', 219.9, 'Withdrawal', 'Manual transaction'),
(110, 1021, '2023-03-27', 221.0, 'Deposit', 'Automatic transaction'),
(111, 1022, '2023-04-28', 222.1, 'Withdrawal', 'Manual transaction'),
(112, 1023, '2023-05-01', 223.2, 'Deposit', 'Automatic transaction'),
(113, 1024, '2023-06-02', 224.3, 'Withdrawal', 'Manual transaction'),
(114, 1025, '2023-07-03', 225.4, 'Deposit', 'Automatic transaction'),
(115, 1026, '2023-08-04', 226.5, 'Withdrawal', 'Manual transaction'),
(116, 1027, '2023-09-05', 227.6, 'Deposit', 'Automatic transaction'),
(117, 1028, '2023-10-06', 228.7, 'Withdrawal', 'Manual transaction'),
(118, 1029, '2023-11-07', 229.8, 'Deposit', 'Automatic transaction'),
(119, 1030, '2023-12-08', 230.9, 'Withdrawal', 'Manual transaction'),
(120, 1001, '2023-01-09', 232.0, 'Deposit', 'Automatic transaction'),
(121, 1002, '2023-02-10', 233.1, 'Withdrawal', 'Manual transaction'),
(122, 1003, '2023-03-11', 234.2, 'Deposit', 'Automatic transaction'),
(123, 1004, '2023-04-12', 235.3, 'Withdrawal', 'Manual transaction'),
(124, 1005, '2023-05-13', 236.4, 'Deposit', 'Automatic transaction'),
(125, 1006, '2023-06-14', 237.5, 'Withdrawal', 'Manual transaction'),
(126, 1007, '2023-07-15', 238.6, 'Deposit', 'Automatic transaction'),
(127, 1008, '2023-08-16', 239.7, 'Withdrawal', 'Manual transaction'),
(128, 1009, '2023-09-17', 240.8, 'Deposit', 'Automatic transaction'),
(129, 1010, '2023-10-18', 241.9, 'Withdrawal', 'Manual transaction'),
(130, 1011, '2023-11-19', 243.0, 'Deposit', 'Automatic transaction'),
(131, 1012, '2023-12-20', 244.1, 'Withdrawal', 'Manual transaction'),
(132, 1013, '2023-01-21', 245.2, 'Deposit', 'Automatic transaction'),
(133, 1014, '2023-02-22', 246.3, 'Withdrawal', 'Manual transaction'),
(134, 1015, '2023-03-23', 247.4, 'Deposit', 'Automatic transaction'),
(135, 1016, '2023-04-24', 248.5, 'Withdrawal', 'Manual transaction'),
(136, 1017, '2023-05-25', 249.6, 'Deposit', 'Automatic transaction'),
(137, 1018, '2023-06-26', 250.7, 'Withdrawal', 'Manual transaction'),
(138, 1019, '2023-07-27', 251.8, 'Deposit', 'Automatic transaction'),
(139, 1020, '2023-08-28', 252.9, 'Withdrawal', 'Manual transaction'),
(140, 1021, '2023-09-01', 254.0, 'Deposit', 'Automatic transaction'),
(141, 1022, '2023-10-02', 255.1, 'Withdrawal', 'Manual transaction'),
(142, 1023, '2023-11-03', 256.2, 'Deposit', 'Automatic transaction'),
(143, 1024, '2023-12-04', 257.3, 'Withdrawal', 'Manual transaction'),
(144, 1025, '2023-01-05', 258.4, 'Deposit', 'Automatic transaction'),
(145, 1026, '2023-02-06', 259.5, 'Withdrawal', 'Manual transaction'),
(146, 1027, '2023-03-07', 260.6, 'Deposit', 'Automatic transaction'),
(147, 1028, '2023-04-08', 261.7, 'Withdrawal', 'Manual transaction'),
(148, 1029, '2023-05-09', 262.8, 'Deposit', 'Automatic transaction'),
(149, 1030, '2023-06-10', 263.9, 'Withdrawal', 'Manual transaction'),
(150, 1001, '2023-07-11', 265.0, 'Deposit', 'Automatic transaction'),
(151, 1002, '2023-08-12', 266.1, 'Withdrawal', 'Manual transaction'),
(152, 1003, '2023-09-13', 267.2, 'Deposit', 'Automatic transaction'),
(153, 1004, '2023-10-14', 268.3, 'Withdrawal', 'Manual transaction'),
(154, 1005, '2023-11-15', 269.4, 'Deposit', 'Automatic transaction'),
(155, 1006, '2023-12-16', 270.5, 'Withdrawal', 'Manual transaction'),
(156, 1007, '2023-01-17', 271.6, 'Deposit', 'Automatic transaction'),
(157, 1008, '2023-02-18', 272.7, 'Withdrawal', 'Manual transaction'),
(158, 1009, '2023-03-19', 273.8, 'Deposit', 'Automatic transaction'),
(159, 1010, '2023-04-20', 274.9, 'Withdrawal', 'Manual transaction'),
(160, 1011, '2023-05-21', 276.0, 'Deposit', 'Automatic transaction'),
(161, 1012, '2023-06-22', 277.1, 'Withdrawal', 'Manual transaction'),
(162, 1013, '2023-07-23', 278.2, 'Deposit', 'Automatic transaction'),
(163, 1014, '2023-08-24', 279.3, 'Withdrawal', 'Manual transaction'),
(164, 1015, '2023-09-25', 280.4, 'Deposit', 'Automatic transaction'),
(165, 1016, '2023-10-26', 281.5, 'Withdrawal', 'Manual transaction'),
(166, 1017, '2023-11-27', 282.6, 'Deposit', 'Automatic transaction'),
(167, 1018, '2023-12-28', 283.7, 'Withdrawal', 'Manual transaction'),
(168, 1019, '2023-01-01', 284.8, 'Deposit', 'Automatic transaction'),
(169, 1020, '2023-02-02', 285.9, 'Withdrawal', 'Manual transaction'),
(170, 1021, '2023-03-03', 287.0, 'Deposit', 'Automatic transaction'),
(171, 1022, '2023-04-04', 288.1, 'Withdrawal', 'Manual transaction'),
(172, 1023, '2023-05-05', 289.2, 'Deposit', 'Automatic transaction'),
(173, 1024, '2023-06-06', 290.3, 'Withdrawal', 'Manual transaction'),
(174, 1025, '2023-07-07', 291.4, 'Deposit', 'Automatic transaction'),
(175, 1026, '2023-08-08', 292.5, 'Withdrawal', 'Manual transaction'),
(176, 1027, '2023-09-09', 293.6, 'Deposit', 'Automatic transaction'),
(177, 1028, '2023-10-10', 294.7, 'Withdrawal', 'Manual transaction'),
(178, 1029, '2023-11-11', 295.8, 'Deposit', 'Automatic transaction'),
(179, 1030, '2023-12-12', 296.9, 'Withdrawal', 'Manual transaction'),
(180, 1001, '2023-01-13', 298.0, 'Deposit', 'Automatic transaction'),
(181, 1002, '2023-02-14', 299.1, 'Withdrawal', 'Manual transaction'),
(182, 1003, '2023-03-15', 300.2, 'Deposit', 'Automatic transaction'),
(183, 1004, '2023-04-16', 301.3, 'Withdrawal', 'Manual transaction'),
(184, 1005, '2023-05-17', 302.4, 'Deposit', 'Automatic transaction'),
(185, 1006, '2023-06-18', 303.5, 'Withdrawal', 'Manual transaction'),
(186, 1007, '2023-07-19', 304.6, 'Deposit', 'Automatic transaction'),
(187, 1008, '2023-08-20', 305.7, 'Withdrawal', 'Manual transaction'),
(188, 1009, '2023-09-21', 306.8, 'Deposit', 'Automatic transaction'),
(189, 1010, '2023-10-22', 307.9, 'Withdrawal', 'Manual transaction'),
(190, 1011, '2023-11-23', 309.0, 'Deposit', 'Automatic transaction'),
(191, 1012, '2023-12-24', 310.1, 'Withdrawal', 'Manual transaction'),
(192, 1013, '2023-01-25', 311.2, 'Deposit', 'Automatic transaction'),
(193, 1014, '2023-02-26', 312.3, 'Withdrawal', 'Manual transaction'),
(194, 1015, '2023-03-27', 313.4, 'Deposit', 'Automatic transaction'),
(195, 1016, '2023-04-28', 314.5, 'Withdrawal', 'Manual transaction'),
(196, 1017, '2023-05-01', 315.6, 'Deposit', 'Automatic transaction'),
(197, 1018, '2023-06-02', 316.7, 'Withdrawal', 'Manual transaction'),
(198, 1019, '2023-07-03', 317.8, 'Deposit', 'Automatic transaction'),
(199, 1020, '2023-08-04', 318.9, 'Withdrawal', 'Manual transaction'),
(200, 1021, '2023-09-05', 320.0, 'Deposit', 'Automatic transaction');